Model,ngram_range,class_weight,Mean_F1,Std_F1,Scores
Linear svm,"(1, 2)",balanced,0.5078359812457331,0.008231007945045332,"[0.5178088921640874, 0.5091979396615158, 0.5070921985815603, 0.49303268305041803, 0.5120481927710844]"
LogisticRegression,"(1, 2)",balanced,0.5044275822379956,0.007523233456731051,"[0.5168150346191889, 0.5019665683382497, 0.5027876330461226, 0.4937091092098641, 0.5068595659765528]"
naive bayes,"(1, 2)",balanced,,,[]
