Model,Mean_F1,Std_F1,Scores
Linear svm,0.5012844314802116,0.010823549794163915,0.49497991967871485
LogisticRegression,0.5008666569762171,0.01030464146359134,0.4959677419354839
naive bayes,0.4179793259769444,0.012954094759528533,0.4251036116044997
